# This file is derived from developers_affiliations.txt and so should not be edited directly.
# If you see an error, please update developers_affiliations.txt and this file will be fixed
# when regenerated.
iLiveIt:
	donovansolms: donovansolms!users.noreply.github.com from 2014-08-01
iMMAP:
	Kleak: Kleak!users.noreply.github.com, segaud.kevin!gmail.com until 2014-08-01
iNNOVO Cloud:
	ainmosni: ainmosni!users.noreply.github.com, daniel!ams-sec.org from 2017-11-01
	chrigl: chrigl!users.noreply.github.com, christoph.glaubitz!innovo-cloud.de from 2017-01-01
iOO2 Systems:
	mcadam: mcadam!users.noreply.github.com from 2015-01-01 until 2015-12-01
iPlant Collaborative:
	cjlarose: cjlarose!gmail.com, cjlarose!users.noreply.github.com until 2014-01-01
iQIYI:
	CodingSinger: ooczzoo!gmail.com
iQmetrix:
	brantb: brantb!users.noreply.github.com
	joshlemer: joshlemer!gmail.com, joshlemer!users.noreply.github.com until 2014-08-01
iQuate:
	MihaiAnei: MihaiAnei!users.noreply.github.com, mihai.anei!gmail.com from 2017-03-01 until 2018-07-01
iRobot:
	DarrienG: darrien!arista.com, darrieng!users.noreply.github.com from 2016-01-01 until 2016-04-01
	proski: plroskin!gmail.com, proski!gnu.org from 2013-09-01 until 2015-04-01
iSYS:
	WLash: wlaschinger!live.de from 2018-11-01
	trampi: fabian.trampusch!freenet.de until 2018-04-01
iSense:
	flmmartins: flmmartins!gmail.com, flmmartins!users.noreply.github.com from 2017-08-01 until 2018-09-01
iSkylar:
	Shelvey-Kansal: Shelvey-Kansal!users.noreply.github.com from 2017-05-01 until 2017-08-01
iSocket:
	maxbeatty: githublove!maxbeatty.com, max!beatty.me, maxbeatty!users.noreply.github.com until 2014-11-01
iStreamPlanet:
	abatilo-isp: abatilo-isp!users.noreply.github.com from 2019-08-01
	danielgtaylor-isp: dtaylor!istreamplanet.com
	ihoegen: ian.hoegen!comcast.com, ianhoegen!gmail.com, ihoegen!users.noreply.github.com from 2018-02-01
	jessejohnston-isp: jessejohnston-isp!users.noreply.github.com, jjohnston!istreamplanet.com
iTMethods:
	snowsky: hao.1.wang!gmail.com, snowsky!users.noreply.github.com, soccerhaotian!hotmail.com
iTechArt:
	Jamim: Jamim!users.noreply.github.com, aliaksei!inspectorio.com, mim!mim.pw, mimworkmail!gmail.com from 2015-01-01
	azhurbilo: artemzhurbilo!gmail.com, azhurbilo!users.noreply.github.com until 2015-05-01
	sashayakovtseva: sasha!sylabs.io, sashayakovtseva!gmail.com, sashayakovtseva!users.noreply.github.com from 2017-08-01 until 2019-11-01
	skarj: 37897781+skarj!users.noreply.github.com, skarj!users.noreply.github.com from 2018-06-01
iTree Finance:
	tomass: tomasstraupis!gmail.com
iTriage:
	pswenson: pswenson!users.noreply.github.com from 2014-10-01 until 2016-06-01
iWA Consolti:
	serge17: serbor!zoho.com, serge17!users.noreply.github.com, sergii.borsuk!contrastsecurity.com from 2016-09-01 until 2017-09-01
iWazat:
	ifraixedes: ifcdev!gmail.com, ifraixedes!users.noreply.github.com, ivan!fraixed.es
iWeb:
	dmsimard: dms!redhat.com, dmsimard!iweb.com, dmsimard!redhat.com, moi!dmsimard.com until 2013-10-30
	mbelang: maxime.b.belanger!gmail.com, mbelang!users.noreply.github.com from 2015-02-01 until 2017-08-01
	mgagne: mgagne!iweb.com until 2013-10-30
iWelcome:
	Jessevanbekkum: jvanbekkum!xebia.com until 2014-12-01
iXsystems:
	amotin: mav!freebsd.org, mav!ixsystems.com
	rodrigc: rodrigc!freebsd.org, rodrigc!users.noreply.github.com until 2014-07-01
iZENEsoft:
	absolute8511: absolute8511!users.noreply.github.com, cool8511!gmail.com until 2015-04-01
iZettle:
	andytom: andytom!users.noreply.github.com from 2016-11-01
	tommyulfsparre: tommy!ulfsparre.se, tommyulfsparre!users.noreply.github.com until 2015-01-01
ibiblio:
	jasonwzm: jasonwzm!gmail.com from 2014-08-01 until 2015-06-01
iconectiv:
	liebowitz: gliebowitz!iconectiv.com, liebowitz!users.noreply.github.com
ict:
	malixian: malixian!ncic.ac.cn, malixian!users.noreply.github.com
idealista:
	eskabetxe: eskabetxe!users.noreply.github.com
idealista.com:
	dortegau: aleksey.danchin!gmail.com, danielortegaufano!gmail.com, dortegau!users.noreply.github.com
ideaman's:
	miyanaga: miyanaga!ideamans.com
idearium:
	allanchau: allan.chau!icloud.com, allanchau!users.noreply.github.com from 2016-12-01
ideeli:
	jwolski2: jeff!wercker.com, jwolski2!users.noreply.github.com from 2012-01-15 until 2013-05-01
idwall:
	WoLfulus: WoLfulus!users.noreply.github.com from 2016-11-01 until 2018-05-01
	felippe-mendonca: felippe-mendonca!users.noreply.github.com, mendonca.felippe!gmail.com from 2019-07-01
if(we):
	amread: amread!users.noreply.github.com until 2015-05-01
	bhamodi: baraa!optimizely.com, baraa!optimizely.com, bhamodi!edu.uwaterloo.ca, bhamodi!edu.uwaterloo.ca, bhamodi!users.noreply.github.com, bhamodi!uwaterloo.ca, bhamodi!uwaterloo.ca from 2014-08-01 until 2014-12-01
iflix:
	adyromantika: adyromantika!users.noreply.github.com
	bhegazy: bhegazy!users.noreply.github.com from 2016-05-01 until 2017-04-01
	mazzy89: dev!mazzarino.cz, mazzy89!users.noreply.github.com from 2016-07-01 until 2018-02-01
	mousavian: mousavian!users.noreply.github.com from 2016-12-01 until 2019-09-01
	ytsarev: xnull!opensuse.org, ytsarev!users.noreply.github.com, yury.tsarev!iflix.com
igel:
	dhobsong: dhobsong!igel.co.jp
	kkobayas: kkobayas!igel.co.jp
	mukawa: mukawa!igel.co.jp
	thayama: taki!igel.co.jp
ii.coop:
	devaii: 44621222+devaii!users.noreply.github.com, devan!ii.coop
	devaips: devaips!users.noreply.github.com
iiNet:
	jakebolam: jake.bolam!gmail.com from 2014-11-01 until 2017-03-01
iinovati:
	sfrique: sfrique!users.noreply.github.com from 2014-04-01 until 2015-02-01
illuminateeducation:
	blackstar257: blackstar257!users.noreply.github.com
imagino:
	babariviere: babariviere!users.noreply.github.com from 2018-10-01 until 2018-11-01
imgix:
	davidbirdsong: david.birdsong!gmail.com, david.birdsong!imgix.com, davidbirdsong!users.noreply.github.com
	discordianfish: discordianfish!users.noreply.github.com, fish!freigeist.org, github!freigeist.org from 2016-02-01 until 2017-02-01
	zacman85: christopher.zacharias!gmail.com
immedia:
	JimiSmith: JimiSmith!users.noreply.github.com
imo.im:
	ichernev: ichernev!users.noreply.github.com, iskren.chernev!gmail.com
in2tive:
	rpajay: rpajay!users.noreply.github.com from 2019-12-01
inCahoots NYC Design & Development:
	tanyabrassie: tanyabrassie!users.noreply.github.com, tbrassie!empatico.org from 2016-04-01 until 2017-05-01
inLab FIB:
	offzale: goga.enrique!gmail.com, offzale!users.noreply.github.com until 2016-01-01
inLabFBI:
	yoelcabo: yoel.cabo!gmail.com, yoelcabo!users.noreply.github.com from 2015-02-01 until 2016-01-01
inProgress SARL:
	Mokto: Mokto!users.noreply.github.com, theo.mathieu1!gmail.com, tmathieu.github!fastmail.com until 2016-12-01
inTalks:
	gautam1858: gautam1858!users.noreply.github.com until 2015-08-01
indiehosters:
	pierreozoux: ga53sij!mytum.de, pierre!ozoux.net, pierreozoux!users.noreply.github.com
inetss:
	IlyaSemenov: IlyaSemenov!users.noreply.github.com, andrew!beginsinwonder.com, ilya!semenov.co
infix:
	tzemp: timothy!zemp.ch from 2015-09-01
inflo.Ai:
	pvanderlinden: mail!paultjuh.org, pvanderlinden!users.noreply.github.com from 2016-08-01 until 2018-11-01
ingenieux:
	aldrinleal: aldrin!leal.eng.br, aldrin+gh!leal.eng.br until 2015-06-01, from 2016-12-01
inidus:
	robdyke: robdyke!gmail.com from 2018-03-01 until 2018-12-01
innRoad:
	john-delivuk: john!delivuk.com, john-delivuk!users.noreply.github.com from 2016-03-01 until 2017-09-01
innomarket:
	clementlecorre: clementlecorre!users.noreply.github.com from 2015-05-01 until 2015-07-01
innoscale:
	mxinden: indenml!gmail.com, mail!max-inden.de, mxinden!users.noreply.github.com until 2016-12-01
inoio:
	caraboides: caraboides!users.noreply.github.com from 2016-01-01
inovex:
	DSchmidtDev: DSchmidtDev!users.noreply.github.com from 2016-12-01
	alvaroaleman: alv2412!googlemail.com, alvaroaleman!users.noreply.github.com from 2017-04-01 until 2017-09-01
	bechtoldt: mail!arnoldbechtoldt.com
	ben-st: ben-st!users.noreply.github.com, info!diffus.org
	endyman: endyman!users.noreply.github.com, github!domrose.net, matthew!sixricks.com, nils!domrose.net, raun!berkeley.edu
	hoesler: christoph.hoesler!gmail.com, christoph.hoesler!inovex.de, hoesler!users.noreply.github.com
	johscheuer: joh.scheuer!gmail.com, johannes.scheuermann!inovex.de, johscheuer!users.noreply.github.com
	maxbischoff: maxbischoff!users.noreply.github.com, maximilianbischoff2!gmail.com
	moolen: beller.moritz!googlemail.com, moolen!users.noreply.github.com from 2018-10-01
	se-jaeger: message!sebastian-jaeger.me from 2017-08-01 until 2020-02-01
	subpathdev: jan.unterbrink!subpath.de, subpathdev!users.noreply.github.com
insoro:
	Patil2099: Patil2099!users.noreply.github.com, pankaj.patil2099!hotmail.com from 2019-11-01 until 2020-02-01
inspur:
	zhangjianweibj: zhangjianweibj!users.noreply.github.com
instore:
	rdigiorgio: rdigiorgio!users.noreply.github.com from 2015-09-01 until 2017-07-01
intive:
	rjasica: rafal!jasica.net from 2015-08-01 until 2017-11-01
intive - BLStream:
	kilobyte: kilobyte!angband.pl from 2016-10-01 until 2018-11-01
into.care:
	SamVerschueren: SamVerschueren!users.noreply.github.com, sam.verschueren!gmail.com from 2015-03-01
invemax:
	Simek: Simek!users.noreply.github.com, gosimek!gmail.com from 2016-02-01 until 2017-04-01
invenio:
	rushtehrani: r!inven.io, rushtehrani!users.noreply.github.com
invinsec:
	jacktuck: jacktuck!users.noreply.github.com from 2019-02-01 until 2019-09-01
inwinSTACK:
	chiehtu: albert.t!inwinstack.com
	kairen: k2r2.bai!gmail.com, kairen!users.noreply.github.com, kyle.b!inwinstack.com, s1499k005!gmail.com until 2019-10-01
	minshenglin: minsheng.l!inwinstack.com
	pohsienshih: pohsien324!gmail.com from 2019-02-01
	ricolin: rico.lin.guanyu!gmail.com, ricolin!users.noreply.github.com until 2017-02-24
	tyranron: tyranron!gmail.com, tyranron!users.noreply.github.com
inzpire.me:
	eugenekurasov: eugenekurasov!users.noreply.github.com from 2019-12-01
ioGlue:
	yaronr: yaronr!users.noreply.github.com
ioSport:
	Gsantomaggio: Gsantomaggio!users.noreply.github.com from 2018-01-01 until 2018-12-01
iomed.health:
	jmvizcainoio: 44993815+jmvizcainoio!users.noreply.github.com, jmvizcainoio!users.noreply.github.com
iosphere GmbH:
	weitzj: jan!iosphere.de, me!janweitz.de, weitzj!users.noreply.github.com
ip.labs:
	headcr4sh: headcr4sh!gmail.com, headcr4sh!users.noreply.github.com, jinwyp!gmail.com
ipoque:
	saschagrunert: mail!saschagrunert.de, saschagrunert!users.noreply.github.com, sgrunert!suse.com until 2017-02-01
iq option europe:
	Arslanbekov: Arslanbekov!users.noreply.github.com, arslanbekov!gmail.com from 2016-11-01
iresty.com:
	membphis: membphis!gmail.com, membphis!users.noreply.github.com
iret:
	cbh34680: cbh34680!iret.co.jp, cbh34680!users.noreply.github.com
ista:
	gmaslowski: gmaslowski!users.noreply.github.com, gregmaslowski!gmail.com from 2017-02-01 until 2019-07-01
it-economics:
	birdayz: birdayz!users.noreply.github.com, johannes.bruederl!gmail.com from 2017-03-01 until 2017-09-01
it-outsourcing:
	que-etc: que-etc!users.noreply.github.com, que.etc!gmail.com until 2014-05-01
itContracting:
	austincunningham: austincunningham!users.noreply.github.com from 2015-07-01 until 2015-08-01
itdesign GmbH:
	foxylion: dev!jakobjarosch.de, foxylion!users.noreply.github.com
itemis:
	rafaelrezend: rafaelrezend!gmail.com until 2016-09-01
iteratec:
	Alwinius: Alwinius!users.noreply.github.com from 2017-06-01 until 2018-09-01, from 2019-05-01 until 2019-09-01
itestra:
	EWachnowezki: 43754445+ewachnowezki!users.noreply.github.com, evgeni.wachnowezki!instana.com until 2016-12-01
ithinx:
	xueliu: liuxuenetmail!gmail.com from 2017-12-01 until 2018-01-01
itslearning:
	kozejonaz: jonas.arneberg!gmail.com, kozejonaz!users.noreply.github.com from 2017-01-01 until 2018-06-01
iunigo:
	marcosnils: marcosnils!gmail.com, marcosnils!users.noreply.github.com from 2018-01-01
ivi.ru:
	LK4D4: LK4D4!users.noreply.github.com, lk4d4!docker.com from 2014-04-01 until 2014-08-01
ivx:
	AlexMarold: alexander.marold!invision.de
	dictvm: daniel.heitmann!invision.de, dictvm!dictvm.org, dictvm!users.noreply.github.com
iwoca:
	andreycizov: acizov!gmail.com from 2019-11-01
iyzico:
	cenkakin: cenk.akin91!gmail.com, cenkakin!users.noreply.github.com from 2015-11-01 until 2016-12-01
j:Mind.Systems}:
	ashanaakh: ashanaakh!gmail.com, ashanaakh!users.noreply.github.com from 2019-10-01
jQuery UI:
	scottgonzalez: scott.gonzalez!gmail.com, scottgonzalez!users.noreply.github.com
jayway:
	Flydiverny: Flydiverny!users.noreply.github.com, markus!maga.se, markus!nadilus.com from 2016-12-01
	owickstrom: oskar.wickstrom!gmail.com until 2015-12-01
jd martin company:
	nlynch-mentor: nathan_lynch!mentor.com
jet tsang:
	jetsanix: jetsanix!users.noreply.github.com, zeon-git!jettsang.com
jirotech:
	jamessewell: james.sewell!gmail.com, jamessewell!users.noreply.github.com
jmarantz:
	google: google!users.noreply.github.com, tre!tretuna.com
jnaapti:
	farhaanbukhsh: farhaan.bukhsh!gmail.com, farhaanbukhsh!users.noreply.github.com from 2015-01-01 until 2018-04-01
jobandtalent:
	agonzalezro: agonzalezro!gmail.com, agonzalezro!users.noreply.github.com from 2015-10-01 until 2016-11-01
jobcloud:
	nabadger: nabadger!users.noreply.github.com, nick.nellis!weather.com
	nick-zh: nick-zh!users.noreply.github.com, nick.nellis!weather.com
	thirdeyenick: ngreen!twitter.com, nick.nellis!weather.com, thirdeyenick!users.noreply.github.com
johnnado.com:
	jmcgeheeiv: jmcgehee!wavecomp.com, jmcgeheeiv!users.noreply.github.com from 2014-07-01 until 2015-02-01
kakao:
	sangwook: 123514+sangwook!users.noreply.github.com, sangwook!users.noreply.github.com
kaliber5:
	simonihmig: ihmig!kaliber5.de, ihmig!kaliber5.de, simon.ihmig!kaliber5.de, simon.ihmig!kaliber5.de, simonihmig!users.noreply.github.com
karriere tutor:
	marratj: marrat!marrat.de, marratj!users.noreply.github.com from 2018-01-01 until 2020-03-01
kayac:
	takyoshi: yoshimura-takuya!kayac.com
kea:
	creatorrr: creatorrr!users.noreply.github.com from 2016-12-01 until 2018-10-01
keenlogics:
	realityking: me!rouvenwessling.de, realityking!users.noreply.github.com, rouven!contentful.com until 2015-10-01
kingdonald global venture:
	iheanyi1: iheanyi1!users.noreply.github.com from 2017-02-01 until 2018-05-01
kingxunlian:
	icanfly: icanfly!users.noreply.github.com, lpwork!foxmail.com
kkkkk:
	schancel: schancel!users.noreply.github.com, shammah.chancellor!gmail.com
kleinlabs:
	cristiklein: cristiklein!users.noreply.github.com from 2017-09-01 until 2017-12-01
klicap:
	amuniz: amuniz!cloudbees.com, amuniz!users.noreply.github.com, amunizmartin!gmail.com until 2018-05-01
	recena: changkon12!gmail.com, nivaldogmelo!gmail.com, recena!gmail.com until 2015-12-01
kloia:
	WoodProgrammer: WoodProgrammer!users.noreply.github.com from 2018-05-01
kn8:
	rmenn: rmenn!users.noreply.github.com from 2018-08-01
komola:
	thomaschaaf: schaaf!komola.de, thomaschaaf!users.noreply.github.com
konvenit:
	arthurbragaa: arthurbalfredo!gmail.com, arthurbragaa!users.noreply.github.com
ksyun:
	opsnull: geekard!qq.com, opsnull!users.noreply.github.com
kube.camp:
	ipedrazas: ipedrazas!gmail.com, ipedrazas!users.noreply.github.com
lastminute:
	micheleorsi: micheleorsi!users.noreply.github.com from 2015-01-01 until 2017-07-01
lastminute.com:
	lcrisci: laurent!crisci.io, laurent.crisci!gmail.com, lcrisci!users.noreply.github.com until 2015-07-15
lden Delicious Computers GmbH&Co:
	goldelico: hns!goldelico.com, info!goldelico.com
leanovate:
	yanns: yann.simon.fr!gmail.com, yanns!users.noreply.github.com
lecentre.net:
	prune998: prune!lecentre.net, prune998!users.noreply.github.com
lemonbeat:
	chrta: chrta!users.noreply.github.com, hacking!taedcke.com from 2016-06-01
lenart.io:
	lenartj: janos!lenart.io, lenartj!users.noreply.github.com
letgo:
	gerson24: pozogers!gmail.com from 2019-06-01
	ismferd: ismferd!users.noreply.github.com from 2019-10-01
lianjia:
	flisky: arash.rabiee.88!gmail.com, chris!majoros.us, flisky!users.noreply.github.com, jifeng.yin!gmail.com
lichess.org:
	isaacl: isaac.r.levy!gmail.com, isaacl!users.noreply.github.com from 2017-01-01
lightcode.fr:
	lightcode: lightcode!users.noreply.github.com
liligo:
	dmegyesi: daniel!megye.si from 2014-05-01 until 2017-06-01
linte:
	WoLfulus: WoLfulus!users.noreply.github.com until 2014-12-01
linutronix:
	anna-marialx: anna-maria!linutronix.de
	bene42: b.spranger!linutronix.de
	jogness: john.ogness!linutronix.de
	manut: manut!linutronix.de, manut!mecka.net
	torbenh3: torbenh!linutronix.de
littleBits:
	jasonkuhrt: jason.kuhrt!dialogue.co, jasonkuhrt!me.com, jasonkuhrt!users.noreply.github.com until 2016-01-01
lll:
	RPing: RPing!users.noreply.github.com, g1222888!gmail.com
log-os:
	Phanindra48: Phanindra48!users.noreply.github.com, phanindra.nitw!gmail.com
loklak:
	daminisatya: aladjev.andrew!gmail.com, brightdanawhite!gmail.com, daminisatya!gmail.com, daminisatya!users.noreply.github.com, etuscano!equinix.com, shane!lawrence.dev from 2016-04-01 until 2016-08-01
look local for:
	Rupeshiya: Rupeshiya!users.noreply.github.com, rupeshiya!gmail.com from 2019-05-01 until 2019-07-01
loveholidays:
	efmr: edgar.marques.ribeiro!gmail.com, efmr!users.noreply.github.com from 2020-02-01 until 2020-05-01
	queeno: queeno!users.noreply.github.com, simon!norix.co.uk, simon.aquino!kpmg.co.uk from 2020-03-01
luminatewireless.com:
	mzhaom: mzhao!luminatewireless.com
lunar way:
	Crevil: Crevil!users.noreply.github.com, bjoern.soerensen!gmail.com from 2017-05-01
m-pathy:
	edganiukov: edganiukov!users.noreply.github.com until 2015-11-01
mAdme:
	iggyzap: iggyzap!users.noreply.github.com from 2014-08-01 until 2018-01-01
mGage:
	aaronjwhiteside: aaronjwhiteside!gmail.com, aaronjwhiteside!users.noreply.github.com from 2015-01-01 until 2016-12-01
mLab:
	BenElgar: BenElgar!users.noreply.github.com, me!benelgar.com from 2016-09-01 until 2018-11-01
	npentrel: npentrel!users.noreply.github.com from 2018-03-01 until 2018-10-01
	tfogo: tfogo!users.noreply.github.com, tim!tfogo.com, timothy.fogo!gmail.com from 2017-06-01 until 2018-10-01
macys.com:
	eddiesimeon: ej.simeon!gmail.com
manGoweb:
	Mikulas: Mikulas!users.noreply.github.com, dite!mangoweb.cz, rullaf!gmail.com from 2016-06-01 until 2019-01-01
map2app:
	micheleorsi: micheleorsi!users.noreply.github.com until 2015-01-01
marbis:
	leoluk: leo!leoluk.de, leoluk!users.noreply.github.com from 2016-05-01 until 2019-05-01
mark.ru:
	nabokihms: nabokihms!users.noreply.github.com from 2016-02-01 until 2017-09-01
markeTIC:
	jffernandez: jffernandez!users.noreply.github.com until 2016-05-01
maryvilledev:
	tonycapone: anthonyrhowell!gmail.com
mashme.io by SyncRTC:
	wolmi: wolmi!users.noreply.github.com from 2016-08-01
mbr targeting:
	ctavan: ctavan!users.noreply.github.com, dev!tavan.de until 2016-12-01
mc²:
	AlekSi: AlekSi!users.noreply.github.com, alexey.palazhchenko!gmail.com, alexey.palazhchenko!percona.com from 2017-04-01 until 2017-07-01
medCPU:
	fooka03: fooka03!users.noreply.github.com, nigel.foucha!gmail.com from 2018-09-01 until 2019-07-01
mediathand:
	kanongil: git!gpost.dk, github!gpost.dk, kanongil!users.noreply.github.com
mediworx software solutions:
	patrikbeno: patrikbeno!gmail.com, patrikbeno!users.noreply.github.com from 2016-12-01
meetHere:
	ayazhafiz: ayaz.hafiz.1!gmail.com, ayazhafiz!users.noreply.github.com from 2016-09-01 until 2017-08-01
meetup:
	unterstein: johannes.unterstein!neotechnology.com, unterstein!me.com, unterstein!users.noreply.github.com until 2018-02-01
melopos:
	jaykay: jaykay!users.noreply.github.com until 2015-08-01
menew:
	shinichy: shin1.katayama!gmail.com from 2018-02-01 until 2018-12-01
mercari:
	sowawa: keisuke.sogawa!gmail.com from 2017-05-01
mesosphere:
	jianhuabi: zhangche.bi!gmail.com
metaio:
	AndiDog: AndiDog!users.noreply.github.com, andreas.sommer87!googlemail.com until 2014-12-01
metux IT service:
	metux: info!metux.net, matloobh!yahoo.com
mgit-at:
	cpointner: cpointner!mgit.at, cpointner!users.noreply.github.com
	equinox0815: cpointner!mgit.at, equinox!spreadspace.org, equinox0815!users.noreply.github.com
	gebi: gebi!users.noreply.github.com, mgebetsroither!mgit.at
microcloud:
	omeid: omeid!users.noreply.github.com, public!omeid.me, sdf611097!gmail.com
mindkeeper:
	florianb: florian.breisch!mindkeeper.solutions, florianb!users.noreply.github.com
mindmatters:
	mitch000001: mitch000001!users.noreply.github.com until 2016-02-01
minu:
	CoffiDev: CoffiDev!users.noreply.github.com, alexcuenca4!gmail.com from 2019-03-01
mirada plc:
	spacepluk: oscar.morante!mirada.tv
mister bk!:
	jackmu95: gregory.mazurek!gmail.com, jackmu95!users.noreply.github.com, jacob.mueller.elz!gmail.com
mixi:
	bells17: bells17!users.noreply.github.com, bells171!gmail.com
	iamrare: 12945919+iamrare!users.noreply.github.com, iamrare!users.noreply.github.com
	junpei-yoshino: junpei-yoshino!users.noreply.github.com
	kaorimatz: kaorimatz!users.noreply.github.com from 2014-03-01 until 2016-12-01
	mohammedfakhar: fakhar.mohammad!mixi.co.jp
	nakabonne: nakabonne!gmail.com, nakabonne!users.noreply.github.com, rodriguez.nak!gmail.com from 2018-06-01 until 2018-08-01
mixmaxhq:
	ttacon: ttacon!gmail.com, ttacon!users.noreply.github.com
mixslice:
	zzq889: zzq889!gmail.com, zzq889!users.noreply.github.com
mmm:
	ralfbaechle: ralf!linux-mips.org
mmmm:
	Nodraak: Nodraak!users.noreply.github.com, adrienchardon!mailoo.org
mnubo:
	sebastienc: sebastien.coutu!gmail.com, sebastienc!users.noreply.github.com
mobilesti:
	moxiegirl: moxiegirl!users.noreply.github.com
modernmsg:
	sinthetix: sinthetix!users.noreply.github.com
moexmen:
	cflee: cflee!users.noreply.github.com, myself!cflee.net
momentum ideas:
	sgammon: pootzko!gmail.com, sam!momentum.io, sgammon!users.noreply.github.com from 2014-09-01 until 2016-12-01
mondora:
	fnurglewitz: e.bandiera!gmail.com from 2019-08-01
moneymeets:
	zyv: yury!shurup.com from 2018-04-01
moov:
	adamdecaf: adamdecaf!users.noreply.github.com, adamkshannon!gmail.com, galindero!gmail.com, support!afterlogic.com
moovel:
	ch33hau: ch33hau!gmail.com
	mkulke: mkulke!gmail.com, mkulke!users.noreply.github.com
morhipo:
	umitseremet: umitseremet!users.noreply.github.com from 2017-01-01 until 2018-05-01
motion.social:
	jjhuff: jjhuff!mspin.net
move digital ag:
	alin-amana: alin-amana!users.noreply.github.com, alin.sinpalean!amanaadvisors.com from 2016-11-01
movingimage:
	Engerim: Engerim!users.noreply.github.com, alexander.miehe!flaconi.de until 2016-08-01
msg:
	sboardwell: steve.boardwell!datameer.com from 2015-12-01 until 2016-03-01
msg life:
	plavc: gregor!plavcak.net, plavc!users.noreply.github.com from 2017-09-01
msg systems:
	ahus1: ahus1!users.noreply.github.com, alexander.schwartz!gmx.net
mvrck-inc:
	shuji-koike: shuji-koike!users.noreply.github.com, shuji.koike!me.com
mxxn:
	archSeer: archseer!users.noreply.github.com, blaz.hrast!gmail.com
mySociety:
	chrismytton: chrismytton!gmail.com, chrismytton!users.noreply.github.com
myown:
	mward29: mward29!users.noreply.github.com from 2018-06-01 until 2018-07-01
mytaxi:
	jan-schumacher: jan-schumacher!users.noreply.github.com from 2015-07-01 until 2018-09-01
myvoya:
	voyalab-temp: contact!voyalab.com
nCode:
	jorrit: jorrit!ncode.nl, jorrit!users.noreply.github.com
nVisium:
	PrFalken: prfalken!users.noreply.github.com
nagexiucai:
	nagexiucai: me!nagexiucai.com, nagexiucai!users.noreply.github.com
navabi:
	ryanzidago: 46972947+ryanzidago!users.noreply.github.com, ryanzidago!users.noreply.github.com from 2018-08-01 until 2018-12-01
nbn:
	markus-mnm: markus!ebenhoeh.at, markus.mnm!gmail.com from 2014-05-01 until 2014-06-01
nbn™ Australia:
	seanson: seanson!users.noreply.github.com until 2016-01-01
nearForm:
	BridgeAR: BridgeAR!users.noreply.github.com, ruben!bridgewater.de from 2017-12-01 until 2018-11-01
	chiefy: chief!beefdisciple.com, chiefy!users.noreply.github.com
	jasonmelo: gitjason!gmail.com, jason.melo!gmail.com
nesota Department of Veterans Affairs - Brain Sciences Cente:
	saifalharthi: saifalharthi!users.noreply.github.com from 2016-01-01 until 2016-06-01
netbank:
	better0332: better0332!163.com, better0332!users.noreply.github.com
nexantic:
	leoluk: leo!leoluk.de, leoluk!users.noreply.github.com from 2019-05-01
ngena:
	Edke: Edke!users.noreply.github.com from 2017-05-01
nic.at:
	dklesev: dimitrij.klesev!nic.at, dklesev!users.noreply.github.com from 2018-04-01 until 2019-06-01
nokia:
	darmenliu: darmenliu!users.noreply.github.com, lyq501!163.com
none:
	BenPope: BenPope!users.noreply.github.com, benpope81!gmail.com from 2020-05-01
	bkniffler: bkniffler!me.com, bkniffler!users.noreply.github.com
	kyrogue: kyrogue!users.noreply.github.com, kyroguex!gmail.com
	olivr70: olivr70!outlook.fr, olivr70!users.noreply.github.com
noris:
	obitech: ajknipping!mailbox.org, alex.ouzounis!solarwinds.com, obitech!users.noreply.github.com from 2019-01-01
notonthehighstreet:
	detfis: detfis!gmail.com until 2014-08-01
novisto:
	MarcDufresne: MarcDufresne!users.noreply.github.com, marc.andre.dufresne!gmail.com from 2020-04-01
novofactum:
	nikai3d: nikai!nikai.net from 2017-09-01
npm:
	AnthonyWC: AnthonyWC!users.noreply.github.com from 2019-10-01
	aearly: aearly!users.noreply.github.com, alex!npmjs.com, alexander.early!gmail.com from 2017-03-01
	ahmadnassri: ahmad!ahmadnassri.com, ahmad!codeinchaos.com, ahmadnassri!users.noreply.github.com from 2019-05-01
	bcoe: bcoe!users.noreply.github.com, bencoe!gmail.com, bencoe!google.com from 2014-03-01 until 2019-03-01
	faiq: faiq!users.noreply.github.com, faiqrazarizvi!gmail.com until 2014-08-01
	isaacs: i!izs.me, isaacs!users.noreply.github.com
	nexdrew: andrew!npmjs.com, andrewbgoode!gmail.com, nexdrew!users.noreply.github.com from 2015-11-01 until 2017-02-01
	nlf: nlf!andyet.net, nlf!users.noreply.github.com, quitlahok!gmail.com from 2018-02-01
	othiym23: forrest!npmjs.com, othiym23!gmail.com, othiym23!users.noreply.github.com from 2014-04-01 until 2017-01-01
	zeke: zeke!sikelianos.com, zeke!users.noreply.github.com
	zkat: kzm!sykosomatic.org, zkat!users.noreply.github.com from 2015-03-01 until 2019-07-01
npower:
	georgewilde: george!wildecreations.co.uk, georgewilde!users.noreply.github.com from 2018-06-01 until 2019-03-01
nternet Chess Club:
	nakkht: nakkht!users.noreply.github.com, pg!neqsoft.com until 2015-10-01
ntes:
	sweetIan: ian.d2d!qq.com, sweetIan!users.noreply.github.com
nthexam:
	phoenixking25: anujjangra25119!gmail.com, phoenixking25!users.noreply.github.com from 2018-06-01 until 2018-07-01
nudge:
	Harkishen-Singh: Harkishen-Singh!users.noreply.github.com, harkishensingh!hotmail.com from 2019-08-01
numberz:
	pyros2097: pyros2097!gmail.com, pyros2097!users.noreply.github.com from 2016-09-01 until 2018-10-01
nuvoPoint:
	larssn: larssn!users.noreply.github.com, larsstoettrup!gmail.com from 2015-08-01
nuxi:
	EdSchouten: ed!nuxi.nl from 2016-05-01
oDesk:
	mar1n3r0: mar1n3r0!users.noreply.github.com until 2015-12-01
oVirt:
	tasdikrahman: prodicus!outlook.com, tasdikrahman!users.noreply.github.com from 2017-06-01 until 2017-08-01
object.io:
	rud: laust!object.io, rud!users.noreply.github.com until 2016-01-01
ocadotechnology:
	Derbeth: Derbeth!users.noreply.github.com, piotr.kubowicz!gmail.com
	OlafSzmidt: OlafSzmidt!users.noreply.github.com, szmidtolaf!gmail.com
	jsuchenia: jacek.suchenia!gmail.com, jsuchenia!users.noreply.github.com
	mikebryant: mike!mikebryant.me.uk, mikebryant!users.noreply.github.com
	pkubowicz: piotr.kubowicz!gmail.com, pkubowicz!users.noreply.github.com
	tomplus: tomasz.prus!gmail.com, tomplus!users.noreply.github.com
oddEVEN:
	gionkunz: gion!syncrea.ch, gion.kunz!gmail.com, gionkunz!users.noreply.github.com from 2016-12-01 until 2017-10-01
onXmaps:
	ryanchapman: ryan!rchapman.org, ryanchapman!users.noreply.github.com from 2016-10-01 until 2020-01-01
onefinestay:
	mattbennett: matt!bennett.name until 2015-06-01
openSUSE:
	Conan-Kudo: ngompa13!gmail.com from 2015-10-01
opentargets:
	elipapa: elipapa!users.noreply.github.com
opsangeles.com:
	alrs: alrs!users.noreply.github.com, lars.lehtonen!gmail.com
optobee:
	ovanes: om!dev.updatemachine.com, ovanes!users.noreply.github.com from 2016-10-01 until 2017-08-01
orijtech:
	odeke-em: aprice2704!gmail.com, emm.odeke!gmail.com, emmanuel!orijtech.com, odeke!ualberta.ca, odeke-em!users.noreply.github.com
otso.ai:
	mk-nickyang: nick.yang!otso.ai
ottonova:
	derFunk: github!photono.de from 2016-12-01
oulu:
	rukkanen: 26740898+rukkanen!users.noreply.github.com, lapanen007!gmail.com, pajunen!synopsys.com, rukkanen!users.noreply.github.com
ovotech:
	georgecrawford: g.o.crawford!gmail.com, georgecrawford!users.noreply.github.com
owl.co:
	forivall: forivall!gmail.com, forivall!users.noreply.github.com, jordan!klassen.me.uk from 2019-07-01
ownCloud:
	mrow4a: mrow4a!users.noreply.github.com, pmrowcz!gmail.com from 2016-07-01 until 2018-02-01
pachyderm:
	derekchiang: derekchiang!users.noreply.github.com, derekchiang93!gmail.com, me!derekchiang.com
packagecloud.io:
	ice799: ice799!gmail.com from 2014-06-01
pair:
	slanning: scott.lanning!booking.com, slanning!users.noreply.github.com from 2019-10-01
parsable:
	samv: sam!vilain.net, samv!users.noreply.github.com from 2015-10-15 until 2017-02-15
paze:
	mcadam: mcadam!users.noreply.github.com from 2016-08-01 until 2016-12-01
pdfFiller:
	Arhell: 26163841+arhell!users.noreply.github.com, Arhell!users.noreply.github.com from 2017-06-01 until 2020-01-01
pebble:
	bytefire: okash.khawaja!gmail.com until 2014-08-01
peiker:
	ssekar15: sravanhome!gmail.com from 2018-01-01
personal:
	danlanxiaohei: danlanxiaohei!users.noreply.github.com, leeehui!outlook.com
phData:
	andahme: andahme!users.noreply.github.com, andy!andah.me from 2017-07-01
phone-io:
	armstrongnate: armstrongnate!users.noreply.github.com, narmstrong!instructure.com, natearmstrong2!gmail.com from 2015-09-01 until 2016-01-01
photographer:
	yann-morin-1998: yann.morin.1998!free.fr from 2015-06-01 until 2016-12-01
pi4_robotics:
	torsten-schenk: torsten.schenk!zoho.com
pine:
	kxxoling: kxxoling!gmail.com, kxxoling!users.noreply.github.com
pingcap&hust:
	zyh-hust: zyh-hust!users.noreply.github.com
pintec:
	du2016: du2016!users.noreply.github.com, leave24534!gmail.com
pixiv:
	edvakf: edvakf!users.noreply.github.com until 2019-12-01
planet:
	manicminer: manicminer!users.noreply.github.com until 2018-01-01
plista:
	christhomas: chris.thomas!antimatter-studios.com, christhomas!users.noreply.github.com from 2017-12-01
plug&paid:
	silviupanaite: silviupanaite!users.noreply.github.com from 2017-01-01
policygenius:
	miles-: miles-!users.noreply.github.com, miles.fricker!gmail.com
postmates:
	josephglanville: josephglanville!users.noreply.github.com, jpg!jpg.id.au
praneetchandra:
	praneetchandra: praneetsahaj!gmail.com
precogs:
	vladvasiliu: vladvasiliu!users.noreply.github.com until 2015-03-01
pressapps:
	kadimi: kadimi!users.noreply.github.com, nabil!kadimi.com until 2015-03-01
productboard:
	kierstenlinkerd: kierstenlinkerd!users.noreply.github.com from 2019-08-01
pronix:
	pronix: aanand.prasad!gmail.com, pronix!users.noreply.github.com, pronix.service!gmail.com
protoss:
	dt-rush: dt-rush!users.noreply.github.com
prudsys AG:
	obitech: ajknipping!mailbox.org, alex.ouzounis!solarwinds.com, obitech!users.noreply.github.com from 2017-08-01 until 2018-07-01
pubstack:
	gpolaert: gpolaert!users.noreply.github.com
pusher:
	listrophy: Joel.speed!hotmail.co.uk, brad!bendyworks.com, listrophy!users.noreply.github.com
qmedia:
	hanikesn: hanikesn!users.noreply.github.com, steffen.hanikel!gmail.com from 2014-02-15 until 2015-02-15
qplum:
	tirumaraiselvan: tiru!hasura.io, tirumaraiselvan!users.noreply.github.com, to.kulitsky!outlook.com from 2015-06-01 until 2016-11-01
quapona:
	saschagrunert: mail!saschagrunert.de, saschagrunert!users.noreply.github.com, sgrunert!suse.com from 2017-02-01 until 2018-01-01
qubsup:
	qubusp: qubusp!users.noreply.github.com from 2019-03-01
quinncia:
	jihdeh: jide.b.tade!gmail.com, jihdeh!users.noreply.github.com
qvitoo:
	haf: haf!users.noreply.github.com, henrik!haf.se, henrik!logibit.se
rOpenSci:
	sckott: myrmecocystus!gmail.com, sckott!users.noreply.github.com from 2014-08-01
rabe.io:
	felixrabe: felix!rabe.io, felixrabe!users.noreply.github.com from 2015-03-01
race result AG:
	tehsphinx: akath19!gmail.com, tehsphinx!users.noreply.github.com, tehsphinx!web.de from 2016-07-01
ravello:
	shmull: shmulik.ladkani!gmail.com from 2015-03-01 until 2016-11-01
raywalker.it:
	27Bslash6: 27Bslash6!users.noreply.github.com, raymond.walker!greenpeace.org until 2017-08-01
rdx.net:
	pre: petrus.repo!iki.fi, pre!users.noreply.github.com from 2019-01-01
reBuy:
	bjoernhaeuser: b.haeuser!rebuy.com, b.haeuser!rebuy.de, bjoernhaeuser!gmail.com, bjoernhaeuser!users.noreply.github.com
	der-eismann: der-eismann!users.noreply.github.com from 2018-11-01
	svenwltr: sven!wltr.eu, svenwltr!users.noreply.github.com
reDock:
	rocketraman: rocketraman!users.noreply.github.com from 2016-10-01
realcommerce:
	kaplanelad: kaplan.elad!gmail.com from 2014-11-01 until 2017-07-01
realworld-jp:
	tetuyosi: tetuyosi!users.noreply.github.com
realzeit:
	robx: rfvollmert!gmail.com, robx!users.noreply.github.com from 2014-11-01 until 2017-02-01
recruit-mp:
	ainoya: 2300438+ainoya!users.noreply.github.com, ainonic!gmail.com, ainoya!users.noreply.github.com until 2018-09-30
redBorder:
	anarey: anarey!gmail.com from 2015-10-01 until 2016-10-01
	carrodher: carrodher!users.noreply.github.com, carrodher1179!gmail.com, crhernandez!bitnami.com from 2015-06-01 until 2016-06-01
redborder:
	Angelmmiguel: angel!bitnami.com, angelmmiguel!users.noreply.github.com until 2016-05-01
redtoo ag:
	andrey01: andrey.arapov!nixaid.com, andrey01!users.noreply.github.com until 2015-06-15
	arno01: andrey.arapov!nixaid.com, arno01!users.noreply.github.com until 2015-06-15
relayr:
	guitmz: guitmz!users.noreply.github.com from 2018-02-01
rewardStyle:
	jondavidi: jondavidi!users.noreply.github.com from 2020-03-01
rho:
	fonsecas72: 1098293+fonsecas72!users.noreply.github.com, hdtfonseca!gmail.com, hugo.fonseca!beubi.com from 2019-03-01
ricardo.ch:
	mazzy89: dev!mazzarino.cz, mazzy89!users.noreply.github.com from 2018-02-01 until 2018-11-01
rndity:
	apodogrocki: a.podogrocki!gmail.com, adam.podogrocki!rndity.com, apodogrocki!users.noreply.github.com from 2016-01-01
rspective:
	pawelrychlik: pawelrychlik!users.noreply.github.com from 2015-09-01 until 2016-01-01
rstorcloud:
	robermorales: rober!atrio.io, rober!rstor.io, rober.morales!gmail.com, rober.morales!rstor.io, robermorales!users.noreply.github.com
rtCamp:
	arush-sal: arush-sal!users.noreply.github.com, me!aru.sh
	iam404: cloos!netsandbox.de, iam404!users.noreply.github.com, mail!prabuddha.me, rjmaltamar!gmail.com, sachidanand.sharma!gmail.com from 2015-01-01 until 2016-11-01
	ishantanu: ishantanu!users.noreply.github.com, shantanud106!gmail.com from 2017-06-01 until 2018-02-01
ruxit:
	aloismayr: aloismayr!users.noreply.github.com from 2015-01-01 until 2016-03-01
s IT Solutions:
	tosmi: toni!stderr.at
s1network:
	lsowen: lsowen!s1devops.com, lsowen!s1network.com, lsowen!users.noreply.github.com
sIT Solutions AT Spardat:
	muhlba91: muhlba91!users.noreply.github.com, office!niftyside.com from 2017-06-01 until 2018-08-01
safework:
	markacola: m.cola!tlrg.com.au, mark!doomsdaytuna.com, markacola!users.noreply.github.com
salestock:
	pyk: bayualdiyansyah!gmail.com, pyk!users.noreply.github.com
saloon.io:
	philipp-spiess: hello!philippspiess.com, pengxiaolong!camera360.com, philipp-spiess!users.noreply.github.com from 2016-10-01 until 2016-11-01
satec:
	pmorillas-copado: pmorillas-copado!users.noreply.github.com until 2014-02-01
science:
	mjtrangoni: mario!mariotrangoni.de, mjtrangoni!gmail.com, mjtrangoni!users.noreply.github.com until 2019-03-01
scutech:
	wenzhixin: wenzhixin!users.noreply.github.com, wenzhixin2010!gmail.com
se-instruments:
	landley: rob!landley.net
shoeless consulting:
	vmbrasseur: github!vmbrasseur.com, vmb!juniper.net, vmbrasseur!users.noreply.github.com from 2017-03-01 until 2018-11-01
shopa:
	agonzalezro: agonzalezro!gmail.com, agonzalezro!users.noreply.github.com until 2015-09-01
shopspring:
	victorquinn: mail!victorquinn.com, victor!knotel.com, victorquinn!users.noreply.github.com
shunneng:
	anjia0532: anjia0532!gmail.com, anjia0532!users.noreply.github.com
side8:
	tommyvn: tommyvn!users.noreply.github.com from 2020-04-01
sigfox:
	Shini31: shini31!users.noreply.github.com
simia.tech:
	phifty: phifty!users.noreply.github.com
simplesurance:
	matej-g: 38492574+matej-g!users.noreply.github.com, matej-g!users.noreply.github.com from 2019-05-01
simpligility:
	mosabua: manfred!simpligility.com until 2016-11-01
sina weibo:
	sunny19930321: 923976094!qq.com, sunny19930321!users.noreply.github.com
sky-uk:
	MarkTickner: mark.tickner!sky.uk, marktickner!users.noreply.github.com
	lw346: luke!lwood.me.uk, lw346!users.noreply.github.com
	ple16: paul.leathwood!sky.uk
	reeceaw: reece.arratoonianwalker!gmail.com, reeceaw!users.noreply.github.com
	shantur: shantur.rathore!gmail.com
slackbot:
	aeriff: aeriff!users.noreply.github.com, me!jarred.com.au
sloppy:
	jzaefferer: joern.zaefferer!gmail.com, jzaefferer!users.noreply.github.com from 2015-05-01
smartShift:
	rahulwa: rahul!rahulwa.com, rahulwa!users.noreply.github.com from 2015-08-01 until 2016-08-01
smartive:
	buehler: buehler!users.noreply.github.com
smava:
	amalkurup89: amalkurup89!users.noreply.github.com from 2016-04-01 until 2019-07-01
snowp:
	square: square!users.noreply.github.com
softheart:
	buoto: buoto!users.noreply.github.com from 2017-03-01 until 2017-08-01
softlynx:
	softkot: softkot!gmail.com, softkot!users.noreply.github.com
solarisBank:
	Krule: Krule!users.noreply.github.com, armin!pasalic.me from 2019-06-01
solarisBank AG:
	leifg: github!leif.io, leif!leif.io, leifg!users.noreply.github.com from 2016-04-01 until 2017-04-01
solo.io:
	bdecoste: bdecoste!gmail.com, bdecoste!users.noreply.github.com from 2019-10-01
	bettyjunod: bettyjunod!users.noreply.github.com from 2019-03-01
	mitchdraft: mitch.kelley!solo.io, mitchdraft!users.noreply.github.com, mtchkll!gmail.com from 2018-06-01
	rickducott: rickducott!users.noreply.github.com from 2018-10-01
sonostream.tv:
	philipp-spiess: hello!philippspiess.com, pengxiaolong!camera360.com, philipp-spiess!users.noreply.github.com from 2016-11-01 until 2016-12-01
sophilabs:
	elas7: elas7!users.noreply.github.com, lasesteban!gmail.com, sebaest77!gmail.com until 2015-11-01
southbridge.io:
	AmetPreply: AmetPreply!users.noreply.github.com until 2015-05-01
spinorX:
	spinorx: spinorx!users.noreply.github.com
spoud.io:
	phedoreanu: adrian.fedoreanu!gmail.com, phedoreanu!users.noreply.github.com from 2018-03-01
ssksoft:
	axls: alexander.leshkin!gmail.com
start-up:
	rushiagr: rushi.agr!gmail.com, rushiagr!users.noreply.github.com from 2016-08-01 until 2017-06-01
startup:
	lavahot: lavahot!gmail.com, taylor!loadiq.com from 2015-07-01 until 2016-05-01
	miguelmota: miguelmota!users.noreply.github.com, miguelmota2!gmail.com from 2017-11-01 until 2018-06-01
	nicolapaoli: 31096144+nicolapaoli!users.noreply.github.com, nicolapaoli!users.noreply.github.com from 2017-11-01 until 2018-01-01
	othiym23: forrest!npmjs.com, othiym23!gmail.com, othiym23!users.noreply.github.com from 2018-03-01 until 2018-10-01
	tsuna: tsuna!users.noreply.github.com, tsunanet!gmail.com from 2018-01-01
startupendorphins:
	pawelrychlik: pawelrychlik!users.noreply.github.com from 2014-09-01 until 2015-09-01
startuphero.es:
	cemo: cemalettin.koc!gmail.com, cemo!users.noreply.github.com from 2016-04-15
steelbrain:
	raeesbhatti: raeesbhatti!users.noreply.github.com from 2019-01-01 until 2019-07-01
sternenbauer:
	256dpi: 256dpi!users.noreply.github.com, joel.gaehwiler!gmail.com
stratosphera:
	vaisov: vaisov!users.noreply.github.com
supernode:
	akupila: akupila!gmail.com, akupila!users.noreply.github.com
supervisor:
	matti: matti!users.noreply.github.com from 2018-05-01
supremind:
	houz42: houjunjie!supremind.com, houz42!users.noreply.github.com
syncrea:
	gionkunz: gion!syncrea.ch, gion.kunz!gmail.com, gionkunz!users.noreply.github.com from 2018-12-01
sysmocom:
	laf0rge: laf0rge!users.noreply.github.com, laforge!gnumonks.org
systemli.org:
	0x46616c6b: 0x46616c6b!users.noreply.github.com, louis!systemli.org
t2cloud:
	ilikebits: nguzcf!gmail.com
tado:
	GautierAtWork: GautierAtWork!users.noreply.github.com, gautier.seidel!tado.com from 2016-09-01
	hug-dev: hugues.devalon!arm.com from 2016-07-01 until 2016-08-01
	locomuco: Matthias.Boesl!gmail.com, locomuco!users.noreply.github.com from 2014-12-01
tado°:
	Daemeron: Daemeron!users.noreply.github.com, dabrowskip9!gmail.com, daemeron!icloud.com from 2016-09-01
tajawal:
	m-amr: m-amr!users.noreply.github.com, m_ma7med!hotmail.com from 2018-01-01 until 2018-08-01
takealot:
	mynameistechno: mark!matyas.dev, mynameistechno!users.noreply.github.com, stephan.van.ellewee!gmail.com
	rodvdka: rodneyhawkins!gmail.com from 2015-12-01 until 2016-06-01, from 2018-06-01
	svelleweetakealot: stephan.van.ellewee!gmail.com
talent::digital:
	eickler: andre.eickler!cumulocity.com, eickler!gmail.com from 2019-08-01
taudac:
	taudac: sergej!taudac.com
tavii:
	polidog: polidogs!gmail.com from 2014-12-01 until 2018-12-01
tbd:
	jgehrcke: jgehrcke!googlemail.com, jgehrcke!users.noreply.github.com from 2019-10-01
tcp cloud:
	epcim: epcim!apealive.net, epcim!users.noreply.github.com from 2016-05-31 until 2016-10-31
	fpytloun: filip!pytloun.cz, fpytloun!users.noreply.github.com from 2015-05-01 until 2016-10-01
teach-audio:
	Alwinius: Alwinius!users.noreply.github.com until 2015-09-01
tecent:
	hello-jianghongke: 45632685+hello-jianghongke!users.noreply.github.com, hello-jianghongke!users.noreply.github.com
teeWe:
	cristianoveiga: cristianoveiga!users.noreply.github.com, veiga.cristian!gmail.com until 2016-07-01
teenage engineering:
	jsiverskog: jacob!teenage.engineering
teltarif.de:
	stiller-leser: stiller-leser!users.noreply.github.com until 2014-09-01
tencent:
	ivan-cai: ivan-cai!users.noreply.github.com
	onlymellb: cris!crisnoble.com, onlymellb!gmail.com, onlymellb!users.noreply.github.com
	qinguoan: qinguoan!users.noreply.github.com, qinguoan2007!gmail.com
	xwisen: 1031649164!qq.com, xwisen!users.noreply.github.com
tenxcloud:
	TinySong: TinySong!users.noreply.github.com, tinysong1226!gmail.com
	gaozhenhai: gaozh1988!live.com, gaozhenhai!users.noreply.github.com
teuto.net Netzdienste GmbH:
	TeutoNet: github!teuto.net, info!teuto.net
	ocaner-biz: oc!teuto.net
textPlus:
	adrianlop: adrianlop!users.noreply.github.com, adrianlzt+github!gmail.com from 2018-04-01 until 2019-12-01
the Fenway:
	JasonEtco: JasonEtco!users.noreply.github.com, jasonetco!github.com until 2014-08-01
the beget:
	killmeplz: killmeplz!users.noreply.github.com, killmeplz879!hotmail.com until 2017-09-01
thePlatform:
	twilfong: tim!wilfong.me, twilfong!users.noreply.github.com until 2016-10-01
theScore:
	darrenclark: darrenclark!users.noreply.github.com from 2015-01-01
thepracticalsysadmin:
	jmreicha: 745076680!qq.com, bukhradze.b!hotmail.com, jmreicha!users.noreply.github.com, josh.reichardt!gmail.com until 2019-05-01
think tank:
	medmedchiheb: mc.benjemaa!gmail.com, medmedchiheb!users.noreply.github.com from 2018-10-01
thinkful:
	cccfxe444: cccfxe444!users.noreply.github.com
thinknetcompany:
	nutchalum: nutchalum!users.noreply.github.com, nutchalum.k!gmail.com
thyssenkrupp:
	mback2k: mback2k!users.noreply.github.com from 2017-03-01
tick42:
	boyskila: boyskila!users.noreply.github.com
ticketea by Eventbrite:
	rarguelloF: rarguellof91!gmail.com from 2016-04-01 until 2017-04-01
tiket.com:
	JesusIslam: JesusIslam!users.noreply.github.com from 2018-10-01
titicacadev:
	code0x9: code0x9!gmail.com, code0x9!users.noreply.github.com, mark!titicaca-corp.com
tombola:
	sohaibmaroof: sohaib.maroof!tombola.com, sohaibmaroof!users.noreply.github.com from 2015-07-01
tooltyp:
	xocasdashdash: xocasdashdash!users.noreply.github.com from 2014-07-01 until 2015-03-01
topfreegames:
	Henrod: henrique.93.rodrigues!gmail.com, henrod!users.noreply.github.com
	felipejfc: felipejfc!users.noreply.github.com, fjfcavalcanti!gmail.com
	guilhermeoki: guilherme.oki!tfgco.com, guilhermeoki!users.noreply.github.com
travel audience:
	piotrkowalczuk: piotrkowalczuk!users.noreply.github.com from 2015-03-01 until 2019-04-01
travel audience travel audience:
	albertocsm: albertocsm!users.noreply.github.com from 2018-02-01 until 2018-11-01
tray.io:
	lukaf: luka!evriala.net, lukaf!users.noreply.github.com from 2015-03-01
treasure-data:
	dmikurube: dmikurube!acm.org, dmikurube!users.noreply.github.com
	kamatama41: kamatama41!users.noreply.github.com, shiketaudonko41!gmail.com
treasuris:
	jmptrader: jmptrader!users.noreply.github.com
tretau.net:
	ttretau: torben!tretau.net, ttretau!users.noreply.github.com
tretton37:
	swehacker: patrik!patrikfalk.com from 2018-06-01 until 2018-12-01
tridonic:
	markus-becker-tridonic-com: markus-becker-tridonic-com!users.noreply.github.com
trigonon:
	mrIncompetent: henrik!henrik-schmidt.de, henrik!loodse.com, mrIncompetent!users.noreply.github.com until 2015-08-01
trivago:
	Fleshgrinder: fleshgrinder!users.noreply.github.com from 2015-07-01 until 2019-01-01
	Shadi: shadi.abdelfatah!gmail.com from 2017-11-01 until 2018-06-01
	arnulfojr: arnulfojr!users.noreply.github.com, arnulfojr94!gmail.com from 2015-11-01 until 2016-02-01, from 2016-04-01 until 2019-08-01
truenova:
	paulbellamy: paul.a.bellamy!gmail.com, paulbellamy!users.noreply.github.com from 2019-08-01
truvid:
	oranmoshai: 12291998+oranmoshai!users.noreply.github.com from 2014-10-01 until 2016-05-01
tura.io:
	poopoothegorilla: poopoothegorilla!users.noreply.github.com from 2017-11-01 until 2018-11-01
turritt.com:
	andersosthus: andersosthus!users.noreply.github.com until 2018-03-01
twitch.tv:
	mylons: mrlyons!gmail.com, mylons!users.noreply.github.com
twofour digitale Agentur:
	spawnia: benedikt!franke.tech, spawnia!users.noreply.github.com from 2017-01-01 until 2017-12-01
twostairs:
	mrusme: mrusme!users.noreply.github.com
uAfrica:
	johanmeiring: johanmeiring!gmail.com from 2015-06-01
uDesk:
	XinhaiWang: XinhaiWang!users.noreply.github.com, hxin.wang!yahoo.com from 2017-04-01 until 2017-11-01
uHoo:
	harunurhan: harunurhan!users.noreply.github.com, harunurhan17!gmail.com from 2015-08-01 until 2015-09-01, from 2015-12-01 until 2016-01-01
uMx:
	fabianrindlisbacher: 38203848+fabianrindlisbacher!users.noreply.github.com, rindlisbacherfabian!gmail.com from 2018-07-01 until 2018-09-01
uShip:
	KevM: KevM!users.noreply.github.com, crazyacking!gmail.com, jbkunst!gmail.com, scoundrel!gmail.com
	RichiCoder1: RichiCoder1!users.noreply.github.com, rsimpson!uship.com from 2018-11-01
uStudio:
	tantona: tantona!gmail.com, tantona!users.noreply.github.com
uSwitch:
	ragnard: r.dahlen!gmail.com, ragnard!users.noreply.github.com
	randomvariable: jeewan!vmware.com, naadir!randomvariable.co.uk, naadir!scalefactory.com, njeewa!heptio.com until 2015-07-01
	randomvariable: randomvariable!users.noreply.github.com until 2015-07-01
	sambooo: sambooo!users.noreply.github.com, sambroughton!gmail.com from 2018-06-01 until 2018-11-01
	surajnarwade: surajnarwade!users.noreply.github.com, surajnarwade353!gmail.com from 2018-08-01
uberous:
	jeroenvisser101: jeroenvisser101!users.noreply.github.com
uc3m:
	alcortesm: alcortesm!gmail.com, alcortesm!users.noreply.github.com until 2015-09-01
unblu:
	jmini: dev!jmini.fr, jeremie.bresson!unblu.com, jmini!users.noreply.github.com from 2018-01-01
unexpected:
	florianeichin: florianeichin!users.noreply.github.com until 2016-09-01
ungi:
	dpithon: denis.pithon!gmail.com
unifysell:
	cstaud: cstaud!users.noreply.github.com from 2017-11-01 until 2019-06-01
unisoc:
	chinli: chinli!users.noreply.github.com, marascio!gmail.com, onur.erdogan!sahabt.com
united-domains:
	acim: acim!users.noreply.github.com, boban.acimovic!gmail.com, boban.acimovic!syncier.com until 2015-07-01
unnado:
	hbceylan: hbceylan!users.noreply.github.com from 2015-05-01 until 2016-06-01
unu:
	drubin: davidrub!gmail.com, drubin!users.noreply.github.com from 2017-05-01 until 2018-10-01, from 2019-01-01
ushareit.com:
	yujiantao: yujiantao!users.noreply.github.com
vRad:
	ivelichkovich: ivelichkovich!users.noreply.github.com until 2014-08-01
valuestream:
	rud: laust!object.io, rud!users.noreply.github.com from 2017-12-01 until 2018-08-01
vectorized:
	senior7515: gallego.alexx!gmail.com, senior7515!users.noreply.github.com from 2019-01-01
vente-privee devient Veepee:
	Kerollmops: Kerollmops!users.noreply.github.com, clement!meilisearch.com, renault.cle!gmail.com from 2017-01-01 until 2018-08-01
veritone:
	tamsky: tamsky!users.noreply.github.com
versionpress:
	borekb: borekb!gmail.com, borekb!users.noreply.github.com
vimond:
	olvesh: olve!vimond.com
vimov:
	0xAhmed: ahmed!manhag.org until 2014-06-01
vioma:
	tehsphinx: akath19!gmail.com, tehsphinx!users.noreply.github.com, tehsphinx!web.de until 2016-07-01
vipshop:
	wu8685: optimuswu8685!gmail.com, wu8685!users.noreply.github.com
viralkitty:
	razic: razic!users.noreply.github.com, razic!viralkitty.com
virtualop:
	philippt: philippt!users.noreply.github.com
volleylabs:
	senorflor: git.push.origin!gmail.com, senorflor!users.noreply.github.com
voxelbrain:
	sfriedel: sebastian!civist.com, sfriedel!users.noreply.github.com
vuzii:
	nikolasburk: nikolas.burk!gmail.com from 2015-12-01 until 2016-02-01
vwd:
	mreichardt95: mreichardt95!gmail.com, mreichardt95!users.noreply.github.com from 2015-09-01
we.trade:
	omgapuppy: omgapuppy!users.noreply.github.com from 2019-11-01
we45:
	nitisuryawanshi: nitisuryawanshi!users.noreply.github.com from 2018-07-01 until 2019-12-01
webAula:
	gmagella-ca: gmagella-ca!users.noreply.github.com until 2014-12-01
webRidge:
	RichardLindhout: RichardLindhout!users.noreply.github.com, richardlindhout96!gmail.com
webgains:
	victoru: github!victorunegbu.com, victor!unegbu.com, victoru!users.noreply.github.com
webofmars:
	fredleger: fredleger!users.noreply.github.com
webtiser:
	bygui86: bygui86!users.noreply.github.com from 2015-09-01 until 2016-11-01
wecash:
	ermazi: ermazi!users.noreply.github.com, troy.sdu!gmail.com
wehkamp:
	Philippus: Philippus!users.noreply.github.com, philippus!gmail.com from 2016-09-01
	amolenaar: amolenaar!users.noreply.github.com, ericschlichting!gmail.com, gaphor!gmail.com from 2016-02-01 until 2018-02-01
	idserda: jeroen.idserda!gmail.com from 2018-01-01
weibeld.net:
	weibeld: daniel!weibeld.net, danielmweibel!gmail.com, weibeld!users.noreply.github.com from 2016-10-01 until 2017-11-01
weixinhost:
	leeeboo: leeeboo!users.noreply.github.com
wejellyfish:
	connor1989: connor1989!users.noreply.github.com, hoehn_connor!bah.com from 2016-07-01 until 2017-08-01
wellcometrust:
	alexchan: alex!alexwlchan.net, alex!silverprogram.com, alexchan!users.noreply.github.com
	alexwlchan: a.chan!wellcome.ac.uk, alex!alexwlchan.net, alex.chan!metaswitch.com, alexwlchan!users.noreply.github.com
weluse:
	dennis-tra: dennis-tra!users.noreply.github.com from 2016-12-01 until 2018-01-01
wfarr systems:
	wfarr: wcfarrington!gmail.com
whatchado:
	mbertschler: mbertschler!gmail.com, mbertschler!users.noreply.github.com
wikiwi:
	cvle: cvl!winged.kiwi, cvle!users.noreply.github.com
wisamar Bildungsgesellschaft:
	obitech: ajknipping!mailbox.org, alex.ouzounis!solarwinds.com, obitech!users.noreply.github.com until 2014-12-01
wissenswerft:
	bhurling: hurling83!gmail.com until 2015-10-01
wix.com:
	gregory-m: gregory-m!users.noreply.github.com, man.gregory!gmail.com
wizard:
	julia-stripe: julia!stripe.com, julia-stripe!users.noreply.github.com from 2019-08-01
wlec white label eCommerce:
	julianhille: julian.hille!connected-health.eu, julianhille!users.noreply.github.com from 2015-10-01 until 2016-03-01
wohnungshelden:
	tomasulo: thomaskieffer!web.de from 2018-10-01
woorank:
	bcorijn: bruno!woorank.com
workday:
	jrstarke: git!jamiestarke.com, github!jamiestarke.com, me!derekdowling.com
wywy:
	darioblanco: darioblanco!users.noreply.github.com, dblancoit!gmail.com from 2014-01-01 until 2016-02-01
	lobeck: lobeck!users.noreply.github.com from 2015-06-01 until 2017-12-01
x-ion:
	mitch000001: mitch000001!users.noreply.github.com from 2019-07-01
xCal:
	kyakan: sicilia.cristian!gmail.com from 2018-06-01
xMatters:
	nfirvine: nfirvine!nfirvine.com, nfirvine!users.noreply.github.com from 2018-05-01 until 2018-07-01
xplace:
	dhxgit: dhxgit!users.noreply.github.com until 2019-05-01
xrow:
	xrow: xrow!users.noreply.github.com
xyzmo:
	SonjaChevre: sonja.chevre!gmail.com until 2014-08-01
yTuber:
	yoshiso: yoshiso!users.noreply.github.com from 2014-12-01 until 2016-04-01
yapp.pt:
	jrluis: jrluis!gmail.com until 2015-01-01
yidianzixun:
	xingnailu: xingnailu!users.noreply.github.com, xingnailu201206!163.com
ystacks:
	jiangytcn: jiangyt.cn!gmail.com, jiangytcn!users.noreply.github.com
yunify:
	MagicSong: MagicSong!users.noreply.github.com, magicsong!yunify.com
	magicsong: dh.rpcs3!gmail.com
yxli:
	liyongxin: liyongxin!users.noreply.github.com, yxli!alauda.io
yyResearch:
	BenPope: BenPope!users.noreply.github.com, benpope81!gmail.com until 2016-10-01
zalog:
	zalog: c!zalog.ro, xxxxxcata!yahoo.com, zalog!users.noreply.github.com until 2018-08-01
zapappi:
	skrusty: skrusty!users.noreply.github.com
zbj.com:
	simonkuang: me!simonkuang.com, simonkuang!users.noreply.github.com
zju:
	pengqinglan: pengqinglan!users.noreply.github.com, qinglan.peng!hotmail.com, qinglanpeng!zju.edu.cn
zlabjp:
	hiyosi: hiyosi!users.noreply.github.com, tousami!zlab.co.jp
znly:
	QuentinPerez: QuentinPerez!users.noreply.github.com, qperez42!gmail.com
zoobab:
	zoobab: zoobab!gmail.com, zoobab!users.noreply.github.com
zooplus:
	tripledes: sjr!redhat.com, tripledes!users.noreply.github.com from 2015-12-01 until 2016-05-01
zvelo:
	joshuarubin: joshuarubin!users.noreply.github.com, jrubin!zvelo.com
Åhléns AB:
	kevva: kevinmartensson!gmail.com, kevva!users.noreply.github.com from 2016-12-01 until 2018-08-01
École Polytechnique de Montréal:
	tuxology: suchakra!gmail.com, suchakra!shiftleft.io, suchakrapani.sharma!polymtl.ca until 2017-02-01
École de technologie supérieure:
	mikefaille: damoxc!gmail.com, michael!faille.io, mikefaille!users.noreply.github.com from 2014-09-15 until 2016-01-15
École pour:
	LucasBoisserie: lucasboisserie!users.noreply.github.com until 2016-07-01
École pour l'Informatique et les Techniques Av:
	etiennedesign: etienne.leprette!advantys.com from 2015-08-01 until 2017-12-01
École pour l'Informatique et les Techniques Avancées:
	Rowern: Rowern!users.noreply.github.com from 2016-01-01 until 2017-01-01
Énergie Valero:
	dubuc: 4118897+dubuc!users.noreply.github.com, coldpixel!gmail.com, dubuc!users.noreply.github.com, gilles.dubuc!nuance.com from 2015-09-01 until 2016-01-01
Érudit:
	pgdagenais: pdagenais!nuglif.com, pgdagenais!gmail.com, pgdagenais!users.noreply.github.com from 2015-12-01 until 2017-09-01
Österreichische Staatsdruckerei:
	muhlba91: muhlba91!users.noreply.github.com, office!niftyside.com from 2018-08-01 until 2019-06-01
Øredev:
	andersjanmyr: anders!janmyr.com, andersjanmyr!users.noreply.github.com until 2019-10-01
İETT:
	istikamet: istikamet!users.noreply.github.com until 2017-01-01
İleti Yönetim Sistemi:
	roadrunner: roadrunner!users.noreply.github.com from 2019-06-01
Бизнес Тренд:
	pastukhov: artem.pastukhov!gmail.com, pastukhov!users.noreply.github.com
Брайтком:
	onobrod: onobrod!users.noreply.github.com, v.dlugopolskaya!gmail.com until 2014-11-01
ГК "Финансовые Информационные Системы:
	onobrod: onobrod!users.noreply.github.com, v.dlugopolskaya!gmail.com from 2015-03-01 until 2016-09-01
Делимобиль:
	pumano: pumano!gmail.com, pumano!users.noreply.github.com from 2019-02-01
Жуков и Архангельский:
	TrySound: TrySound!users.noreply.github.com, trysound!yandex.ru, will!williamrjribeiro.com
Идеальная цена:
	antonmarin: antonmarin!users.noreply.github.com until 2015-08-01
Индивидуальный предприниматель:
	cloudever: cloudever!users.noreply.github.com from 2019-01-01
Корпорация ЗНАК:
	SergeSpinoza: SergeSpinoza!users.noreply.github.com until 2018-11-01
Лига Ставок:
	ppcololo: 35843703+ppcololo!users.noreply.github.com, ppcololo!users.noreply.github.com from 2018-08-01 until 2019-04-01
МКУ:
	iceone: iceone!users.noreply.github.com until 2014-07-01
МТС:
	izhukov: alex!izhukov.ru, izhukov!users.noreply.github.com
МедиаТех:
	smallcreep: ilia.rogozhin!gmail.com from 2014-09-01
НГС:
	mynameiswhm: hi!mynameiswhm.ru, mynameiswhm!users.noreply.github.com
НГС.ТЕХНОЛОГИИ (NGS.RU):
	maximsnezhkov: m.snezhkov!gmail.com, maximsnezhkov!users.noreply.github.com from 2018-07-01
НИИ АА:
	delfer: bestak47!gmail.com, delfer!users.noreply.github.com, jason!jasonho.tk
НИСПАО:
	ppcololo: 35843703+ppcololo!users.noreply.github.com, ppcololo!users.noreply.github.com from 2017-05-01 until 2018-03-01
ОАО ТриА:
	frantony: antonynpavlov!gmail.com
ООО "Интеллектульная транспортная система:
	iceone: iceone!users.noreply.github.com from 2014-07-01 until 2016-04-01
ООО «Белфортекс»:
	Jamim: Jamim!users.noreply.github.com, aliaksei!inspectorio.com, mim!mim.pw, mimworkmail!gmail.com until 2015-01-01
ООО «Центр ИКТ»:
	vsundupey: vsundupey!users.noreply.github.com until 2016-02-01
ООО Компания Тензор:
	korzhev: korzhev_v!icloud.com from 2015-06-01 until 2017-07-01
ООО НВП "ТЕКО ЛТД:
	Trubochkin: Trubochkin!users.noreply.github.com from 2015-03-01 until 2016-10-01
ООО ТД Интерторг:
	Myafq: Myafq!users.noreply.github.com until 2015-11-01
ООО Фирма АНКАД:
	tagunil: tagunil!gmail.com, tagunil!users.noreply.github.com
Объединенные аналитические системы:
	Ranger-X: Ranger-X!users.noreply.github.com from 2017-01-01
Профиткликс:
	sarbash: sarbash!users.noreply.github.com, sarbash.s!gmail.com from 2019-05-01
Росбезопасность:
	fancer: fancer.lancer!gmail.com
СберТех:
	sah4ez: sah4ez!users.noreply.github.com, sah4ez32!gmail.com from 2017-01-01 until 2017-05-01
ТОО "Архетип":
	AcoustickSan: AcoustickSan!users.noreply.github.com from 2014-12-01 until 2015-06-01
ТЭЦ-2:
	Nefelim4ag: Nefelim4ag!users.noreply.github.com, nefelim4ag!gmail.com until 2015-02-01
Технологика:
	lobkovilya: ilya.lobkov!xored.com, lobkovilya!users.noreply.github.com, lobkovilya!yandex.ru from 2017-09-01 until 2018-02-01
Ттц останкино:
	omitina: olesia.mitina!smartbear.com from 2015-01-01
ЦВЗ:
	viteksafronov: vitek!vitek.tomsk.ru, viteksafronov!users.noreply.github.com until 2017-05-01
ЦИАН ГРУПП:
	vslinko: vslinko!yahoo.com, vyacheslav.slinko!gmail.com from 2016-02-01
Центр информационных технологий:
	mskonovalov: mskonovalov!gmail.com, mskonovalov!users.noreply.github.com until 2015-03-01
Центрофинанс групп:
	livelace: livelace!users.noreply.github.com until 2015-02-01
ЭЛАКС:
	Trubochkin: Trubochkin!users.noreply.github.com until 2015-03-01
Эвотор:
	notxcain: notxcain!gmail.com, notxcain!users.noreply.github.com from 2017-09-01
нет:
	saromanov: saromanov!users.noreply.github.com, xxsmotur!gmail.com from 2018-12-01
الصحيفة الآقتصادية:
	gam-phon: gam-phon!users.noreply.github.com until 2014-06-15
​intent:
	delwaterman: delwaterman!users.noreply.github.com until 2014-08-01
✕✕✕✕✕:
	peterbourgon: peter!bourgon.org, peterbourgon!users.noreply.github.com
うんこ:
	harai: harai!users.noreply.github.com, jharai0815!gmail.com
アイランド株式会社:
	masaki: espipj!gmail.com, masaki.nakagawa!gmail.com from 2016-06-01
インフォメティス株式会社:
	lx223: lx223!users.noreply.github.com from 2015-08-01 until 2015-09-01
カブク:
	soundTricker: keisuke.oohashi!gmail.com
スーパーソフトウエア:
	kenfdev: kenfdev!gmail.com, kenfdev!users.noreply.github.com until 2018-09-01
パーティーハード株式会社:
	polidog: polidogs!gmail.com from 2018-12-01
ヱヂリウム株式会社:
	katsyoshi: katsyoshi!users.noreply.github.com from 2015-09-01 until 2018-09-01
七牛云:
	ericsyh: ericshenyuhao!outlook.com, ericsyh!users.noreply.github.com, qpresley!ca.ibm.com from 2017-12-01 until 2019-04-01
上海义为信息技术有限公司:
	JinsYin: JinsYin!users.noreply.github.com, jinsyin!gmail.com from 2016-10-01
上海国际航运研究中心:
	JinsYin: JinsYin!users.noreply.github.com, jinsyin!gmail.com from 2014-09-01 until 2015-12-01
上海奕世网络科技有限公司:
	will-beta: will-beta!users.noreply.github.com until 2016-11-01
上海安畅网络科技有限公司:
	polefishu: pole.fishu!gmail.com from 2016-07-01 until 2018-07-01
上海易路软件有限公司:
	roganw: quangenw!gmail.com
上海语镜汽车信息技术有限公司:
	polefishu: pole.fishu!gmail.com from 2015-07-01 until 2016-07-01
上海诺基亚贝尔股份有限公司:
	zwwhdls: 33822635+zwwhdls!users.noreply.github.com, zwwhdls!users.noreply.github.com from 2017-06-01 until 2017-11-01
个体经营/自由职业:
	DorianZheng: DorianZheng!users.noreply.github.com, xingzhengde72!gmail.com, zhiquanzheng!outlook.com from 2019-05-01
中佑:
	colindev: colin1124x!gmail.com, colindev!users.noreply.github.com
中兴通讯股份有限公司:
	zhangxiaoyu-zidif: zhangxiaoyu-zidif!users.noreply.github.com, zxysjtu!gmail.com from 2014-03-01 until 2018-06-01
中科曙光信息技术有限公司:
	LinuxSuRen: LinuxSuRen!users.noreply.github.com, linuxsuren!gmail.com, rick!jenkins-zh.cn, rick!mail.jenkins-zh.cn, xjzhao!alauda.io, zxjlwt!126.com until 2015-02-01
中科院计算所:
	xieydd: xieydd!gmail.com, xieydd!users.noreply.github.com from 2017-12-01 until 2018-05-01
中科院计算技术研究所:
	Connor1996: Connor1996!users.noreply.github.com, zbk602423539!gmail.com until 2017-06-01
之江实验室 Zhejiang:
	w1ndy: mystery.wd!gmail.com, w1ndy!users.noreply.github.com from 2019-04-01 until 2019-06-01
云汉芯城（上海）互联网科技股份有限公司:
	wawa0210: lzdzel!gmail.com, wawa0210!users.noreply.github.com, xiao.zhang!daocloud.io from 2015-07-01 until 2016-09-01
云知声:
	xieydd: xieydd!gmail.com, xieydd!users.noreply.github.com from 2018-05-01
互联网企业:
	zhaozhiming: zhaozhiming003!gmail.com from 2015-05-01
亚信-Asiainfo 浪潮云服务(前司) 中兴云计算(前前司):
	TracyBin: TracyBin!users.noreply.github.com, yan_5386!163.com
亚信科技 AsiaInfo:
	yaxinlx: liuxu!asiainfo.com, yaxinlx!users.noreply.github.com
亚信科技（中国）有限公司:
	yu2003w: yu2003w!users.noreply.github.com from 2017-07-01 until 2019-04-01
优维科技(深圳)有限公司:
	JLHwung: i!jhuang.me, jlhwung!users.noreply.github.com from 2017-02-01 until 2019-04-01
凯京科技:
	sunny0826: guoxudong!keking.cn, sunny0826!users.noreply.github.com, sunnydog0826!gmail.com
北京东方国信科技股份有限公司:
	tsingakbar: tsingakbar!users.noreply.github.com until 2015-12-01
北京华亿:
	xianghu1314: 1070960076!qq.com, filipe.cantarelli!gmail.com, xianghu1314!users.noreply.github.com
北京华澄投资有限公司:
	goldenbull: goldenbull!gmail.com, goldenbull!users.noreply.github.com from 2015-10-01
北京大学人民医院:
	haokexin: haokexin!gmail.com
北京奥格睿码科技有限公司:
	JLHwung: i!jhuang.me, jlhwung!users.noreply.github.com until 2017-02-01
北京奥途仕科技发展有限公司:
	smalldirector: smalldirector!users.noreply.github.com until 2014-09-01
北京惠祥和科技有限公司:
	shuoranliu: shuoranliu!gmail.com, shuoranliu!users.noreply.github.com from 2014-11-01 until 2015-09-01
北京融易通信息技术有限公司:
	peonone: luc.mdk!gmail.com, peonone!users.noreply.github.com until 2015-03-01
南京云问网络技术有限公司:
	tunblr: lhtang!alauda.io, tunblr!users.noreply.github.com from 2016-02-01 until 2017-08-01
南京紫光云信息科技有限公司:
	Ghostbaby: Ghostbaby!users.noreply.github.com, zhuhuijunzhj!gmail.com until 2017-09-01
南京邮电大学:
	ahanabi: ahanabi!users.noreply.github.com
嘀嗒出行:
	XinhaiWang: XinhaiWang!users.noreply.github.com, hxin.wang!yahoo.com from 2017-11-01
四川双水小学:
	DorianZheng: DorianZheng!users.noreply.github.com, xingzhengde72!gmail.com, zhiquanzheng!outlook.com until 2015-07-01
堆糖:
	hawkingrei: hawking.rei!gmail.com, hawkingrei!users.noreply.github.com, me!hawkingrei.com, wangweizhen!bilibili.com from 2016-06-01 until 2018-01-01
天津南大通用数据技术股份有限公司:
	xiaosuo: xiaosuo!gmail.com from 2014-03-01 until 2015-03-01
奇虎360:
	xuri: xuri!users.noreply.github.com, xuri.me!gmail.com
学堂在线:
	huangsuoyuan: huangsuoyuan!gmail.com, huangsuoyuan!users.noreply.github.com from 2016-08-01 until 2017-06-01
实地地产:
	woosley: redicaps!gmail.com, woosley!users.noreply.github.com, woosley.xu!gmail.com from 2017-08-01 until 2017-12-01
富士通システム統合研究所:
	tdtds: t!tdtds.jp, tdtds!users.noreply.github.com
尊嘉资产管理有限公司:
	goldenbull: goldenbull!gmail.com, goldenbull!users.noreply.github.com until 2015-06-01
工藤建設株式会社:
	deg84: deg84!users.noreply.github.com until 2019-07-01
巨人网络集团有限公司:
	JinsYin: JinsYin!users.noreply.github.com, jinsyin!gmail.com from 2015-12-01 until 2016-10-01
徳を積む:
	catatsuy: catatsuy!catatsuy.org
快仓:
	JianyuZhan: nasa4836!gmail.com from 2019-01-01
恩普特:
	xieydd: xieydd!gmail.com, xieydd!users.noreply.github.com from 2017-06-01 until 2017-12-01
数据通信科学技术研究所:
	andyzhuangyy: andyzhuangyy!users.noreply.github.com, andyzyy!gmail.com until 2015-04-01
日本ヒューレット・パッカード:
	tomotake-koike: tomotake-koike!users.noreply.github.com
暂无:
	chunnallu: chunnallu!users.noreply.github.com
极智人(北京)科技有限公司:
	yhyddr: yhyddr!users.noreply.github.com from 2018-09-01
株式会社 Syun:
	kaz: kaz!users.noreply.github.com from 2017-06-01
株式会社AlphaImpact:
	henry0312: tsukasa!oomo.to from 2019-06-01
株式会社MIN:
	takumakanari: chemtrails.t!gmail.com, taahm!google.com, takumakanari!users.noreply.github.com
株式会社Willings:
	deg84: deg84!users.noreply.github.com from 2019-07-01
株式会社じげん:
	h-michael: h.hata.ai.t!gmail.com until 2016-03-01
株式会社アニメイトラボ:
	ykzts: ykzts!desire.sh, ykzts!users.noreply.github.com
株式会社キャレオ:
	inductor: inductor!users.noreply.github.com from 2015-02-01 until 2016-06-01
株式会社サーバーワークス:
	marcy-terui: marcy-terui!users.noreply.github.com from 2016-08-01
株式会社スカイアーチネットワークス:
	richmondwang: 3724032+richmondwang!users.noreply.github.com, richmondwang!users.noreply.github.com from 2016-01-01 until 2018-01-01
株式会社スリーシェイク:
	tsunokawa: kenichi.tsunokawa!gmail.com from 2018-08-01
株式会社ソウゾウ:
	vvakame: vvakame!users.noreply.github.com, vvakame+dev!gmail.com from 2017-09-01 until 2018-03-01
株式会社テクノモバイル:
	d-kuro: d-kuro!users.noreply.github.com, kurosawa7620!gmail.com from 2017-04-01 until 2018-02-01
株式会社ドヴァ:
	najeira: najeira!gmail.com
株式会社マネーフォワード:
	ken5scal: github!v-software.de, ken5scal!users.noreply.github.com, kengoscal!gmail.com from 2014-10-01 until 2017-12-01
欢聚时代:
	hnlq715: hnlq.sysu!gmail.com, hnlq715!qq.com, hnlq715!users.noreply.github.com
民生科技:
	phantooom: phantooom!users.noreply.github.com, xiaorui.zou!gmail.com from 2019-05-01
水滴互助:
	dataviruset: dataviruset!users.noreply.github.com from 2018-05-01 until 2019-08-01
江苏海隆软件技术有限公司:
	zhangxiaoyu-zidif: zhangxiaoyu-zidif!users.noreply.github.com, zxysjtu!gmail.com until 2014-03-01
波罗蜜:
	lxneng: lxneng!gmail.com, lxneng!users.noreply.github.com from 2015-10-01
浙江大华技术股份有限公司:
	wangzhuzhen: wangzhuzhen!users.noreply.github.com, zhuzhenwang1984!gmail.com from 2017-04-01
深圳市土椒科技有限公司:
	arden: arden!tujiao.com, arden!users.noreply.github.com
深圳睿云智合科技有限公司:
	zzhu2: zhenyan.zhu2!wework.com, zzhu2!users.noreply.github.com from 2016-04-01
环球市场:
	liyanhui1228: liyanhui1228!users.noreply.github.com from 2014-07-01 until 2014-09-01
生意专家:
	wawa0210: lzdzel!gmail.com, wawa0210!users.noreply.github.com, xiao.zhang!daocloud.io from 2016-09-01 until 2017-12-01
社会大学:
	pigletfly: pigletfly!users.noreply.github.com, wangbing.adam!gmail.com
豆瓣:
	iwinux: iwinux!gmail.com, iwinux!users.noreply.github.com
重搏国际:
	stevemao: maochenyan!gmail.com, steve.mao!healthinteract.com.au, stevemao!users.noreply.github.com
风河软件研发（北京）有限公司:
	shuoranliu: shuoranliu!gmail.com, shuoranliu!users.noreply.github.com until 2014-11-01
饿了么:
	Draveness: Draveness!users.noreply.github.com, i!draveness.me from 2016-01-01 until 2016-10-01
	NLMartian: nl.martian!gmail.com from 2016-03-01
뱅크샐러드(레이니스트):
	ryuheechul: ryuhcii!gmail.com, ryuheechul!users.noreply.github.com from 2017-05-01 until 2019-08-01
스마일게이트:
	9to6: 9to6!users.noreply.github.com, ktk0011!gmail.com, ktk0011+dev!gmail.com
패스트캠퍼스:
	buo: buo!users.noreply.github.com, github!arar.io
